{
  "STOP_RATIO": 0.038520520567489294,
  "SPAWN_END_RATIO": 0.42676476596363866,
  "MIN_RETURN_CARGO": 235,
  "RETURN_CLOSE": 0.550668069597078,
  "RETURN_FAR": 0.8282680360951573,
  "RETURN_DIST": 15,
  "STRATEGIC_DIST": 5,
  "STRATEGIC_RICH": 565,
  "STRATEGIC_EFF_THRESH": 20.272963105414085,
  "FALLBACK_MIN_HALITE": 44,
  "ATTACK_RATIO": 1.559822021780763,
  "END_RUSH_TURNS": 32,
  "RETURN_BUFFER": 12
}